Year,Zone,Sex,Agegroup,Population,Prevalence,Crude Prevalence Rate
2000,Zone 4 - Central,F,20 to 29,30198,223,0.74
2000,Zone 4 - Central,F,30 to 39,34639,455,1.31
2000,Zone 4 - Central,F,40 to 49,32980,934,2.83
2000,Zone 4 - Central,F,50 to 59,24173,1667,6.9
2000,Zone 4 - Central,F,60 to 69,14990,1818,12.13
2000,Zone 4 - Central,F,70 to 79,12052,1934,16.05
2000,Zone 4 - Central,F,80 +,8411,1219,14.49
2000,Zone 4 - Central,M,20 to 29,28067,184,0.66
2000,Zone 4 - Central,M,30 to 39,31448,467,1.48
2000,Zone 4 - Central,M,40 to 49,30424,985,3.24
2000,Zone 4 - Central,M,50 to 59,22981,2138,9.3
2000,Zone 4 - Central,M,60 to 69,14044,2405,17.12
2000,Zone 4 - Central,M,70 to 79,8889,1819,20.46
2000,Zone 4 - Central,M,80 +,4006,784,19.57
2000,Zone 3 - Eastern,F,20 to 29,10667,126,1.18
2000,Zone 3 - Eastern,F,30 to 39,12657,256,2.02
2000,Zone 3 - Eastern,F,40 to 49,15258,565,3.7
2000,Zone 3 - Eastern,F,50 to 59,12308,1011,8.21
2000,Zone 3 - Eastern,F,60 to 69,8521,1214,14.25
2000,Zone 3 - Eastern,F,70 to 79,6858,1276,18.61
2000,Zone 3 - Eastern,F,80 +,5643,919,16.29
2000,Zone 3 - Eastern,M,20 to 29,10920,92,0.84
2000,Zone 3 - Eastern,M,30 to 39,12412,222,1.79
2000,Zone 3 - Eastern,M,40 to 49,15102,647,4.28
2000,Zone 3 - Eastern,M,50 to 59,12773,1340,10.49
2000,Zone 3 - Eastern,M,60 to 69,8292,1484,17.9
2000,Zone 3 - Eastern,M,70 to 79,5414,1258,23.24
2000,Zone 3 - Eastern,M,80 +,2853,619,21.7
2000,Zone 2 - Northern,F,20 to 29,9980,90,0.9
2000,Zone 2 - Northern,F,30 to 39,11943,189,1.58
2000,Zone 2 - Northern,F,40 to 49,12834,360,2.81
2000,Zone 2 - Northern,F,50 to 59,10147,680,6.7
2000,Zone 2 - Northern,F,60 to 69,6797,843,12.4
2000,Zone 2 - Northern,F,70 to 79,5746,894,15.56
2000,Zone 2 - Northern,F,80 +,4572,683,14.94
2000,Zone 2 - Northern,M,20 to 29,9938,79,0.79
2000,Zone 2 - Northern,M,30 to 39,11645,156,1.34
2000,Zone 2 - Northern,M,40 to 49,12670,474,3.74
2000,Zone 2 - Northern,M,50 to 59,10322,907,8.79
2000,Zone 2 - Northern,M,60 to 69,6578,1003,15.25
2000,Zone 2 - Northern,M,70 to 79,4444,862,19.4
2000,Zone 2 - Northern,M,80 +,2260,414,18.32
2000,Zone 1 - Western,F,20 to 29,11986,94,0.78
2000,Zone 1 - Western,F,30 to 39,15866,238,1.5
2000,Zone 1 - Western,F,40 to 49,17474,592,3.39
2000,Zone 1 - Western,F,50 to 59,14376,1070,7.44
2000,Zone 1 - Western,F,60 to 69,9693,1310,13.51
2000,Zone 1 - Western,F,70 to 79,7792,1388,17.81
2000,Zone 1 - Western,F,80 +,6197,1011,16.31
2000,Zone 1 - Western,M,20 to 29,11847,65,0.55
2000,Zone 1 - Western,M,30 to 39,14993,202,1.35
2000,Zone 1 - Western,M,40 to 49,16812,578,3.44
2000,Zone 1 - Western,M,50 to 59,14233,1347,9.46
2000,Zone 1 - Western,M,60 to 69,9535,1460,15.31
2000,Zone 1 - Western,M,70 to 79,6504,1355,20.83
2000,Zone 1 - Western,M,80 +,3496,676,19.34
2001,Zone 4 - Central,F,20 to 29,30093,220,0.73
2001,Zone 4 - Central,F,30 to 39,34311,490,1.43
2001,Zone 4 - Central,F,40 to 49,33886,1030,3.04
2001,Zone 4 - Central,F,50 to 59,25241,1842,7.3
2001,Zone 4 - Central,F,60 to 69,15353,1954,12.73
2001,Zone 4 - Central,F,70 to 79,12136,2022,16.66
2001,Zone 4 - Central,F,80 +,8762,1301,14.85
2001,Zone 4 - Central,M,20 to 29,28242,178,0.63
2001,Zone 4 - Central,M,30 to 39,31239,479,1.53
2001,Zone 4 - Central,M,40 to 49,31456,1100,3.5
2001,Zone 4 - Central,M,50 to 59,23897,2323,9.72
2001,Zone 4 - Central,M,60 to 69,14387,2597,18.05
2001,Zone 4 - Central,M,70 to 79,9092,1978,21.76
2001,Zone 4 - Central,M,80 +,4301,872,20.27
2001,Zone 3 - Eastern,F,20 to 29,10454,130,1.24
2001,Zone 3 - Eastern,F,30 to 39,12314,260,2.11
2001,Zone 3 - Eastern,F,40 to 49,15289,637,4.17
2001,Zone 3 - Eastern,F,50 to 59,12706,1050,8.26
2001,Zone 3 - Eastern,F,60 to 69,8653,1330,15.37
2001,Zone 3 - Eastern,F,70 to 79,6813,1329,19.51
2001,Zone 3 - Eastern,F,80 +,5759,982,17.05
2001,Zone 3 - Eastern,M,20 to 29,10647,94,0.88
2001,Zone 3 - Eastern,M,30 to 39,12023,247,2.05
2001,Zone 3 - Eastern,M,40 to 49,15104,669,4.43
2001,Zone 3 - Eastern,M,50 to 59,13125,1465,11.16
2001,Zone 3 - Eastern,M,60 to 69,8463,1586,18.74
2001,Zone 3 - Eastern,M,70 to 79,5459,1325,24.27
2001,Zone 3 - Eastern,M,80 +,2880,644,22.36
2001,Zone 2 - Northern,F,20 to 29,9734,90,0.92
2001,Zone 2 - Northern,F,30 to 39,11691,203,1.74
2001,Zone 2 - Northern,F,40 to 49,13052,426,3.26
2001,Zone 2 - Northern,F,50 to 59,10466,769,7.35
2001,Zone 2 - Northern,F,60 to 69,6959,897,12.89
2001,Zone 2 - Northern,F,70 to 79,5698,927,16.27
2001,Zone 2 - Northern,F,80 +,4679,752,16.07
2001,Zone 2 - Northern,M,20 to 29,9669,77,0.8
2001,Zone 2 - Northern,M,30 to 39,11495,178,1.55
2001,Zone 2 - Northern,M,40 to 49,12793,528,4.13
2001,Zone 2 - Northern,M,50 to 59,10678,989,9.26
2001,Zone 2 - Northern,M,60 to 69,6747,1107,16.41
2001,Zone 2 - Northern,M,70 to 79,4485,915,20.4
2001,Zone 2 - Northern,M,80 +,2360,463,19.62
2001,Zone 1 - Western,F,20 to 29,11695,98,0.84
2001,Zone 1 - Western,F,30 to 39,15336,246,1.6
2001,Zone 1 - Western,F,40 to 49,17773,657,3.7
2001,Zone 1 - Western,F,50 to 59,14817,1179,7.96
2001,Zone 1 - Western,F,60 to 69,9870,1389,14.07
2001,Zone 1 - Western,F,70 to 79,7789,1461,18.76
2001,Zone 1 - Western,F,80 +,6378,1132,17.75
2001,Zone 1 - Western,M,20 to 29,11613,66,0.57
2001,Zone 1 - Western,M,30 to 39,14477,227,1.57
2001,Zone 1 - Western,M,40 to 49,17043,637,3.74
2001,Zone 1 - Western,M,50 to 59,14677,1447,9.86
2001,Zone 1 - Western,M,60 to 69,9814,1620,16.51
2001,Zone 1 - Western,M,70 to 79,6552,1422,21.7
2001,Zone 1 - Western,M,80 +,3584,738,20.59
2002,Zone 4 - Central,F,20 to 29,30258,232,0.77
2002,Zone 4 - Central,F,30 to 39,33899,506,1.49
2002,Zone 4 - Central,F,40 to 49,34838,1126,3.23
2002,Zone 4 - Central,F,50 to 59,26205,1980,7.56
2002,Zone 4 - Central,F,60 to 69,15863,2113,13.32
2002,Zone 4 - Central,F,70 to 79,12145,2104,17.32
2002,Zone 4 - Central,F,80 +,9050,1432,15.82
2002,Zone 4 - Central,M,20 to 29,28497,199,0.7
2002,Zone 4 - Central,M,30 to 39,30897,498,1.61
2002,Zone 4 - Central,M,40 to 49,32471,1228,3.78
2002,Zone 4 - Central,M,50 to 59,24789,2488,10.04
2002,Zone 4 - Central,M,60 to 69,14870,2773,18.65
2002,Zone 4 - Central,M,70 to 79,9313,2110,22.66
2002,Zone 4 - Central,M,80 +,4498,918,20.41
2002,Zone 3 - Eastern,F,20 to 29,10260,126,1.23
2002,Zone 3 - Eastern,F,30 to 39,11819,289,2.45
2002,Zone 3 - Eastern,F,40 to 49,15360,667,4.34
2002,Zone 3 - Eastern,F,50 to 59,13118,1129,8.61
2002,Zone 3 - Eastern,F,60 to 69,8870,1438,16.21
2002,Zone 3 - Eastern,F,70 to 79,6780,1391,20.52
2002,Zone 3 - Eastern,F,80 +,5837,1063,18.21
2002,Zone 3 - Eastern,M,20 to 29,10498,105,1
2002,Zone 3 - Eastern,M,30 to 39,11609,255,2.2
2002,Zone 3 - Eastern,M,40 to 49,15022,715,4.76
2002,Zone 3 - Eastern,M,50 to 59,13492,1572,11.65
2002,Zone 3 - Eastern,M,60 to 69,8727,1692,19.39
2002,Zone 3 - Eastern,M,70 to 79,5533,1426,25.77
2002,Zone 3 - Eastern,M,80 +,2891,690,23.87
2002,Zone 2 - Northern,F,20 to 29,9584,89,0.93
2002,Zone 2 - Northern,F,30 to 39,11382,227,1.99
2002,Zone 2 - Northern,F,40 to 49,13209,473,3.58
2002,Zone 2 - Northern,F,50 to 59,10774,831,7.71
2002,Zone 2 - Northern,F,60 to 69,7197,969,13.46
2002,Zone 2 - Northern,F,70 to 79,5700,980,17.19
2002,Zone 2 - Northern,F,80 +,4729,796,16.83
2002,Zone 2 - Northern,M,20 to 29,9489,82,0.86
2002,Zone 2 - Northern,M,30 to 39,11290,182,1.61
2002,Zone 2 - Northern,M,40 to 49,12864,546,4.24
2002,Zone 2 - Northern,M,50 to 59,10923,1112,10.18
2002,Zone 2 - Northern,M,60 to 69,7045,1200,17.03
2002,Zone 2 - Northern,M,70 to 79,4554,1006,22.09
2002,Zone 2 - Northern,M,80 +,2429,495,20.38
2002,Zone 1 - Western,F,20 to 29,11504,94,0.82
2002,Zone 1 - Western,F,30 to 39,14786,257,1.74
2002,Zone 1 - Western,F,40 to 49,18011,702,3.9
2002,Zone 1 - Western,F,50 to 59,15198,1282,8.44
2002,Zone 1 - Western,F,60 to 69,10232,1477,14.44
2002,Zone 1 - Western,F,70 to 79,7825,1542,19.71
2002,Zone 1 - Western,F,80 +,6464,1212,18.75
2002,Zone 1 - Western,M,20 to 29,11431,71,0.62
2002,Zone 1 - Western,M,30 to 39,13995,227,1.62
2002,Zone 1 - Western,M,40 to 49,17264,682,3.95
2002,Zone 1 - Western,M,50 to 59,15068,1573,10.44
2002,Zone 1 - Western,M,60 to 69,10140,1758,17.34
2002,Zone 1 - Western,M,70 to 79,6588,1506,22.86
2002,Zone 1 - Western,M,80 +,3685,802,21.76
2003,Zone 4 - Central,F,20 to 29,30517,236,0.77
2003,Zone 4 - Central,F,30 to 39,33482,535,1.6
2003,Zone 4 - Central,F,40 to 49,35571,1235,3.47
2003,Zone 4 - Central,F,50 to 59,27264,2114,7.75
2003,Zone 4 - Central,F,60 to 69,16419,2272,13.84
2003,Zone 4 - Central,F,70 to 79,12228,2216,18.12
2003,Zone 4 - Central,F,80 +,9301,1495,16.07
2003,Zone 4 - Central,M,20 to 29,29039,209,0.72
2003,Zone 4 - Central,M,30 to 39,30418,507,1.67
2003,Zone 4 - Central,M,40 to 49,33438,1337,4
2003,Zone 4 - Central,M,50 to 59,25712,2625,10.21
2003,Zone 4 - Central,M,60 to 69,15440,3012,19.51
2003,Zone 4 - Central,M,70 to 79,9509,2263,23.8
2003,Zone 4 - Central,M,80 +,4629,970,20.95
2003,Zone 3 - Eastern,F,20 to 29,10301,125,1.21
2003,Zone 3 - Eastern,F,30 to 39,11448,312,2.73
2003,Zone 3 - Eastern,F,40 to 49,15233,677,4.44
2003,Zone 3 - Eastern,F,50 to 59,13489,1244,9.22
2003,Zone 3 - Eastern,F,60 to 69,9129,1512,16.56
2003,Zone 3 - Eastern,F,70 to 79,6778,1453,21.44
2003,Zone 3 - Eastern,F,80 +,5842,1098,18.79
2003,Zone 3 - Eastern,M,20 to 29,10553,114,1.08
2003,Zone 3 - Eastern,M,30 to 39,11253,272,2.42
2003,Zone 3 - Eastern,M,40 to 49,14849,735,4.95
2003,Zone 3 - Eastern,M,50 to 59,13890,1681,12.1
2003,Zone 3 - Eastern,M,60 to 69,9043,1782,19.71
2003,Zone 3 - Eastern,M,70 to 79,5516,1498,27.16
2003,Zone 3 - Eastern,M,80 +,2952,714,24.19
2003,Zone 2 - Northern,F,20 to 29,9493,86,0.91
2003,Zone 2 - Northern,F,30 to 39,11166,232,2.08
2003,Zone 2 - Northern,F,40 to 49,13257,525,3.96
2003,Zone 2 - Northern,F,50 to 59,11186,903,8.07
2003,Zone 2 - Northern,F,60 to 69,7432,1039,13.98
2003,Zone 2 - Northern,F,70 to 79,5691,1017,17.87
2003,Zone 2 - Northern,F,80 +,4733,830,17.54
2003,Zone 2 - Northern,M,20 to 29,9395,78,0.83
2003,Zone 2 - Northern,M,30 to 39,10982,204,1.86
2003,Zone 2 - Northern,M,40 to 49,12959,568,4.38
2003,Zone 2 - Northern,M,50 to 59,11250,1159,10.3
2003,Zone 2 - Northern,M,60 to 69,7324,1299,17.74
2003,Zone 2 - Northern,M,70 to 79,4620,1070,23.16
2003,Zone 2 - Northern,M,80 +,2449,521,21.27
2003,Zone 1 - Western,F,20 to 29,11487,93,0.81
2003,Zone 1 - Western,F,30 to 39,14097,255,1.81
2003,Zone 1 - Western,F,40 to 49,18275,761,4.16
2003,Zone 1 - Western,F,50 to 59,15616,1368,8.76
2003,Zone 1 - Western,F,60 to 69,10612,1603,15.11
2003,Zone 1 - Western,F,70 to 79,7861,1637,20.82
2003,Zone 1 - Western,F,80 +,6555,1265,19.3
2003,Zone 1 - Western,M,20 to 29,11386,75,0.66
2003,Zone 1 - Western,M,30 to 39,13485,215,1.59
2003,Zone 1 - Western,M,40 to 49,17447,729,4.18
2003,Zone 1 - Western,M,50 to 59,15459,1691,10.94
2003,Zone 1 - Western,M,60 to 69,10463,1924,18.39
2003,Zone 1 - Western,M,70 to 79,6719,1571,23.38
2003,Zone 1 - Western,M,80 +,3758,894,23.79
2004,Zone 4 - Central,F,20 to 29,30960,230,0.74
2004,Zone 4 - Central,F,30 to 39,32956,561,1.7
2004,Zone 4 - Central,F,40 to 49,36142,1311,3.63
2004,Zone 4 - Central,F,50 to 59,28313,2272,8.02
2004,Zone 4 - Central,F,60 to 69,17077,2468,14.45
2004,Zone 4 - Central,F,70 to 79,12313,2354,19.12
2004,Zone 4 - Central,F,80 +,9496,1559,16.42
2004,Zone 4 - Central,M,20 to 29,29548,223,0.75
2004,Zone 4 - Central,M,30 to 39,30042,534,1.78
2004,Zone 4 - Central,M,40 to 49,34094,1482,4.35
2004,Zone 4 - Central,M,50 to 59,26638,2811,10.55
2004,Zone 4 - Central,M,60 to 69,16026,3212,20.04
2004,Zone 4 - Central,M,70 to 79,9737,2427,24.93
2004,Zone 4 - Central,M,80 +,4776,1029,21.55
2004,Zone 3 - Eastern,F,20 to 29,10205,119,1.17
2004,Zone 3 - Eastern,F,30 to 39,11085,310,2.8
2004,Zone 3 - Eastern,F,40 to 49,15113,693,4.59
2004,Zone 3 - Eastern,F,50 to 59,13931,1350,9.69
2004,Zone 3 - Eastern,F,60 to 69,9460,1609,17.01
2004,Zone 3 - Eastern,F,70 to 79,6740,1525,22.63
2004,Zone 3 - Eastern,F,80 +,5891,1167,19.81
2004,Zone 3 - Eastern,M,20 to 29,10535,117,1.11
2004,Zone 3 - Eastern,M,30 to 39,10998,283,2.57
2004,Zone 3 - Eastern,M,40 to 49,14586,735,5.04
2004,Zone 3 - Eastern,M,50 to 59,14405,1829,12.7
2004,Zone 3 - Eastern,M,60 to 69,9270,1902,20.52
2004,Zone 3 - Eastern,M,70 to 79,5562,1531,27.53
2004,Zone 3 - Eastern,M,80 +,3016,783,25.96
2004,Zone 2 - Northern,F,20 to 29,9366,87,0.93
2004,Zone 2 - Northern,F,30 to 39,10906,234,2.15
2004,Zone 2 - Northern,F,40 to 49,13264,571,4.3
2004,Zone 2 - Northern,F,50 to 59,11690,968,8.28
2004,Zone 2 - Northern,F,60 to 69,7600,1129,14.86
2004,Zone 2 - Northern,F,70 to 79,5646,1068,18.92
2004,Zone 2 - Northern,F,80 +,4858,874,17.99
2004,Zone 2 - Northern,M,20 to 29,9434,77,0.82
2004,Zone 2 - Northern,M,30 to 39,10584,223,2.11
2004,Zone 2 - Northern,M,40 to 49,13102,607,4.63
2004,Zone 2 - Northern,M,50 to 59,11614,1252,10.78
2004,Zone 2 - Northern,M,60 to 69,7626,1434,18.8
2004,Zone 2 - Northern,M,70 to 79,4656,1114,23.93
2004,Zone 2 - Northern,M,80 +,2527,555,21.96
2004,Zone 1 - Western,F,20 to 29,11445,94,0.82
2004,Zone 1 - Western,F,30 to 39,13624,279,2.05
2004,Zone 1 - Western,F,40 to 49,18361,802,4.37
2004,Zone 1 - Western,F,50 to 59,16166,1499,9.27
2004,Zone 1 - Western,F,60 to 69,10928,1733,15.86
2004,Zone 1 - Western,F,70 to 79,7915,1714,21.66
2004,Zone 1 - Western,F,80 +,6590,1310,19.88
2004,Zone 1 - Western,M,20 to 29,11285,76,0.67
2004,Zone 1 - Western,M,30 to 39,13048,238,1.82
2004,Zone 1 - Western,M,40 to 49,17478,794,4.54
2004,Zone 1 - Western,M,50 to 59,15903,1814,11.41
2004,Zone 1 - Western,M,60 to 69,10817,2094,19.36
2004,Zone 1 - Western,M,70 to 79,6828,1664,24.37
2004,Zone 1 - Western,M,80 +,3800,944,24.84
2005,Zone 4 - Central,F,20 to 29,31133,245,0.79
2005,Zone 4 - Central,F,30 to 39,32872,580,1.76
2005,Zone 4 - Central,F,40 to 49,36288,1375,3.79
2005,Zone 4 - Central,F,50 to 59,29470,2472,8.39
2005,Zone 4 - Central,F,60 to 69,17830,2668,14.96
2005,Zone 4 - Central,F,70 to 79,12268,2469,20.13
2005,Zone 4 - Central,F,80 +,9698,1673,17.25
2005,Zone 4 - Central,M,20 to 29,29850,234,0.78
2005,Zone 4 - Central,M,30 to 39,29913,530,1.77
2005,Zone 4 - Central,M,40 to 49,34439,1566,4.55
2005,Zone 4 - Central,M,50 to 59,27554,2981,10.82
2005,Zone 4 - Central,M,60 to 69,16760,3459,20.64
2005,Zone 4 - Central,M,70 to 79,9986,2611,26.15
2005,Zone 4 - Central,M,80 +,4907,1103,22.48
2005,Zone 3 - Eastern,F,20 to 29,10167,125,1.23
2005,Zone 3 - Eastern,F,30 to 39,10826,310,2.86
2005,Zone 3 - Eastern,F,40 to 49,14917,738,4.95
2005,Zone 3 - Eastern,F,50 to 59,14316,1460,10.2
2005,Zone 3 - Eastern,F,60 to 69,9734,1739,17.87
2005,Zone 3 - Eastern,F,70 to 79,6757,1576,23.32
2005,Zone 3 - Eastern,F,80 +,5893,1235,20.96
2005,Zone 3 - Eastern,M,20 to 29,10468,126,1.2
2005,Zone 3 - Eastern,M,30 to 39,10788,287,2.66
2005,Zone 3 - Eastern,M,40 to 49,14345,797,5.56
2005,Zone 3 - Eastern,M,50 to 59,14658,1927,13.15
2005,Zone 3 - Eastern,M,60 to 69,9548,2063,21.61
2005,Zone 3 - Eastern,M,70 to 79,5678,1612,28.39
2005,Zone 3 - Eastern,M,80 +,3033,808,26.64
2005,Zone 2 - Northern,F,20 to 29,9363,86,0.92
2005,Zone 2 - Northern,F,30 to 39,10629,246,2.31
2005,Zone 2 - Northern,F,40 to 49,13289,588,4.42
2005,Zone 2 - Northern,F,50 to 59,11998,1051,8.76
2005,Zone 2 - Northern,F,60 to 69,7847,1182,15.06
2005,Zone 2 - Northern,F,70 to 79,5670,1128,19.89
2005,Zone 2 - Northern,F,80 +,4920,938,19.07
2005,Zone 2 - Northern,M,20 to 29,9376,93,0.99
2005,Zone 2 - Northern,M,30 to 39,10364,232,2.24
2005,Zone 2 - Northern,M,40 to 49,13020,613,4.71
2005,Zone 2 - Northern,M,50 to 59,11936,1317,11.03
2005,Zone 2 - Northern,M,60 to 69,7846,1527,19.46
2005,Zone 2 - Northern,M,70 to 79,4740,1147,24.2
2005,Zone 2 - Northern,M,80 +,2579,585,22.68
2005,Zone 1 - Western,F,20 to 29,11422,102,0.89
2005,Zone 1 - Western,F,30 to 39,13207,284,2.15
2005,Zone 1 - Western,F,40 to 49,18283,820,4.49
2005,Zone 1 - Western,F,50 to 59,16574,1604,9.68
2005,Zone 1 - Western,F,60 to 69,11366,1848,16.26
2005,Zone 1 - Western,F,70 to 79,7933,1777,22.4
2005,Zone 1 - Western,F,80 +,6631,1388,20.93
2005,Zone 1 - Western,M,20 to 29,11263,92,0.82
2005,Zone 1 - Western,M,30 to 39,12720,239,1.88
2005,Zone 1 - Western,M,40 to 49,17350,887,5.11
2005,Zone 1 - Western,M,50 to 59,16253,1884,11.59
2005,Zone 1 - Western,M,60 to 69,11181,2258,20.19
2005,Zone 1 - Western,M,70 to 79,6976,1766,25.32
2005,Zone 1 - Western,M,80 +,3886,985,25.35
2006,Zone 4 - Central,F,20 to 29,31567,248,0.79
2006,Zone 4 - Central,F,30 to 39,32853,574,1.75
2006,Zone 4 - Central,F,40 to 49,36468,1435,3.93
2006,Zone 4 - Central,F,50 to 59,30083,2635,8.76
2006,Zone 4 - Central,F,60 to 69,19090,2912,15.25
2006,Zone 4 - Central,F,70 to 79,12283,2604,21.2
2006,Zone 4 - Central,F,80 +,10042,1837,18.29
2006,Zone 4 - Central,M,20 to 29,30204,270,0.89
2006,Zone 4 - Central,M,30 to 39,29928,525,1.75
2006,Zone 4 - Central,M,40 to 49,34646,1633,4.71
2006,Zone 4 - Central,M,50 to 59,28278,3216,11.37
2006,Zone 4 - Central,M,60 to 69,17891,3803,21.26
2006,Zone 4 - Central,M,70 to 79,10261,2778,27.07
2006,Zone 4 - Central,M,80 +,5077,1229,24.21
2006,Zone 3 - Eastern,F,20 to 29,10069,135,1.34
2006,Zone 3 - Eastern,F,30 to 39,10552,319,3.02
2006,Zone 3 - Eastern,F,40 to 49,14594,779,5.34
2006,Zone 3 - Eastern,F,50 to 59,14484,1481,10.23
2006,Zone 3 - Eastern,F,60 to 69,10215,1867,18.28
2006,Zone 3 - Eastern,F,70 to 79,6885,1692,24.58
2006,Zone 3 - Eastern,F,80 +,5925,1280,21.6
2006,Zone 3 - Eastern,M,20 to 29,10360,130,1.25
2006,Zone 3 - Eastern,M,30 to 39,10496,308,2.93
2006,Zone 3 - Eastern,M,40 to 49,14006,805,5.75
2006,Zone 3 - Eastern,M,50 to 59,14766,1989,13.47
2006,Zone 3 - Eastern,M,60 to 69,10124,2267,22.39
2006,Zone 3 - Eastern,M,70 to 79,5778,1649,28.54
2006,Zone 3 - Eastern,M,80 +,3018,844,27.97
2006,Zone 2 - Northern,F,20 to 29,9228,77,0.83
2006,Zone 2 - Northern,F,30 to 39,10526,260,2.47
2006,Zone 2 - Northern,F,40 to 49,13158,611,4.64
2006,Zone 2 - Northern,F,50 to 59,12156,1094,9
2006,Zone 2 - Northern,F,60 to 69,8299,1283,15.46
2006,Zone 2 - Northern,F,70 to 79,5721,1191,20.82
2006,Zone 2 - Northern,F,80 +,4968,994,20.01
2006,Zone 2 - Northern,M,20 to 29,9188,96,1.04
2006,Zone 2 - Northern,M,30 to 39,10264,227,2.21
2006,Zone 2 - Northern,M,40 to 49,12842,636,4.95
2006,Zone 2 - Northern,M,50 to 59,12087,1377,11.39
2006,Zone 2 - Northern,M,60 to 69,8363,1655,19.79
2006,Zone 2 - Northern,M,70 to 79,4846,1210,24.97
2006,Zone 2 - Northern,M,80 +,2633,641,24.34
2006,Zone 1 - Western,F,20 to 29,11370,102,0.9
2006,Zone 1 - Western,F,30 to 39,12985,297,2.29
2006,Zone 1 - Western,F,40 to 49,17918,888,4.96
2006,Zone 1 - Western,F,50 to 59,16770,1658,9.89
2006,Zone 1 - Western,F,60 to 69,12090,2046,16.92
2006,Zone 1 - Western,F,70 to 79,7989,1893,23.7
2006,Zone 1 - Western,F,80 +,6719,1469,21.86
2006,Zone 1 - Western,M,20 to 29,11137,102,0.92
2006,Zone 1 - Western,M,30 to 39,12441,277,2.23
2006,Zone 1 - Western,M,40 to 49,17103,903,5.28
2006,Zone 1 - Western,M,50 to 59,16385,1998,12.19
2006,Zone 1 - Western,M,60 to 69,11802,2474,20.96
2006,Zone 1 - Western,M,70 to 79,7143,1874,26.24
2006,Zone 1 - Western,M,80 +,3954,1046,26.45
2007,Zone 4 - Central,F,20 to 29,31630,269,0.85
2007,Zone 4 - Central,F,30 to 39,32760,589,1.8
2007,Zone 4 - Central,F,40 to 49,36431,1462,4.01
2007,Zone 4 - Central,F,50 to 59,30559,2722,8.91
2007,Zone 4 - Central,F,60 to 69,20424,3191,15.62
2007,Zone 4 - Central,F,70 to 79,12401,2684,21.64
2007,Zone 4 - Central,F,80 +,10208,1960,19.2
2007,Zone 4 - Central,M,20 to 29,30158,286,0.95
2007,Zone 4 - Central,M,30 to 39,29844,544,1.82
2007,Zone 4 - Central,M,40 to 49,34316,1717,5
2007,Zone 4 - Central,M,50 to 59,28922,3328,11.51
2007,Zone 4 - Central,M,60 to 69,19065,4120,21.61
2007,Zone 4 - Central,M,70 to 79,10490,2928,27.91
2007,Zone 4 - Central,M,80 +,5232,1344,25.69
2007,Zone 3 - Eastern,F,20 to 29,9902,125,1.26
2007,Zone 3 - Eastern,F,30 to 39,10302,330,3.2
2007,Zone 3 - Eastern,F,40 to 49,14060,784,5.58
2007,Zone 3 - Eastern,F,50 to 59,14665,1505,10.26
2007,Zone 3 - Eastern,F,60 to 69,10759,2008,18.66
2007,Zone 3 - Eastern,F,70 to 79,6914,1743,25.21
2007,Zone 3 - Eastern,F,80 +,5940,1325,22.31
2007,Zone 3 - Eastern,M,20 to 29,10202,139,1.36
2007,Zone 3 - Eastern,M,30 to 39,10176,290,2.85
2007,Zone 3 - Eastern,M,40 to 49,13554,800,5.9
2007,Zone 3 - Eastern,M,50 to 59,14728,2006,13.62
2007,Zone 3 - Eastern,M,60 to 69,10651,2440,22.91
2007,Zone 3 - Eastern,M,70 to 79,5927,1716,28.95
2007,Zone 3 - Eastern,M,80 +,3066,908,29.62
2007,Zone 2 - Northern,F,20 to 29,9145,76,0.83
2007,Zone 2 - Northern,F,30 to 39,10405,268,2.58
2007,Zone 2 - Northern,F,40 to 49,12872,620,4.82
2007,Zone 2 - Northern,F,50 to 59,12337,1121,9.09
2007,Zone 2 - Northern,F,60 to 69,8844,1361,15.39
2007,Zone 2 - Northern,F,70 to 79,5741,1262,21.98
2007,Zone 2 - Northern,F,80 +,5017,1013,20.19
2007,Zone 2 - Northern,M,20 to 29,9003,106,1.18
2007,Zone 2 - Northern,M,30 to 39,10057,232,2.31
2007,Zone 2 - Northern,M,40 to 49,12553,644,5.13
2007,Zone 2 - Northern,M,50 to 59,12322,1424,11.56
2007,Zone 2 - Northern,M,60 to 69,8775,1772,20.19
2007,Zone 2 - Northern,M,70 to 79,4966,1263,25.43
2007,Zone 2 - Northern,M,80 +,2675,698,26.09
2007,Zone 1 - Western,F,20 to 29,11201,110,0.98
2007,Zone 1 - Western,F,30 to 39,12669,299,2.36
2007,Zone 1 - Western,F,40 to 49,17471,862,4.93
2007,Zone 1 - Western,F,50 to 59,16971,1710,10.08
2007,Zone 1 - Western,F,60 to 69,12779,2205,17.25
2007,Zone 1 - Western,F,70 to 79,8159,1952,23.92
2007,Zone 1 - Western,F,80 +,6744,1548,22.95
2007,Zone 1 - Western,M,20 to 29,10929,111,1.02
2007,Zone 1 - Western,M,30 to 39,12121,272,2.24
2007,Zone 1 - Western,M,40 to 49,16600,902,5.43
2007,Zone 1 - Western,M,50 to 59,16611,2026,12.2
2007,Zone 1 - Western,M,60 to 69,12445,2679,21.53
2007,Zone 1 - Western,M,70 to 79,7310,1930,26.4
2007,Zone 1 - Western,M,80 +,4044,1111,27.47
2008,Zone 4 - Central,F,20 to 29,31993,281,0.88
2008,Zone 4 - Central,F,30 to 39,32803,592,1.8
2008,Zone 4 - Central,F,40 to 49,36204,1540,4.25
2008,Zone 4 - Central,F,50 to 59,31445,2796,8.89
2008,Zone 4 - Central,F,60 to 69,21523,3443,16
2008,Zone 4 - Central,F,70 to 79,12647,2798,22.12
2008,Zone 4 - Central,F,80 +,10384,2131,20.52
2008,Zone 4 - Central,M,20 to 29,30649,314,1.02
2008,Zone 4 - Central,M,30 to 39,29991,559,1.86
2008,Zone 4 - Central,M,40 to 49,34284,1808,5.27
2008,Zone 4 - Central,M,50 to 59,29688,3483,11.73
2008,Zone 4 - Central,M,60 to 69,20048,4419,22.04
2008,Zone 4 - Central,M,70 to 79,10810,3170,29.32
2008,Zone 4 - Central,M,80 +,5434,1474,27.13
2008,Zone 3 - Eastern,F,20 to 29,9795,127,1.3
2008,Zone 3 - Eastern,F,30 to 39,10158,334,3.29
2008,Zone 3 - Eastern,F,40 to 49,13655,793,5.81
2008,Zone 3 - Eastern,F,50 to 59,14841,1534,10.34
2008,Zone 3 - Eastern,F,60 to 69,11202,2106,18.8
2008,Zone 3 - Eastern,F,70 to 79,7033,1812,25.76
2008,Zone 3 - Eastern,F,80 +,5978,1394,23.32
2008,Zone 3 - Eastern,M,20 to 29,10148,153,1.51
2008,Zone 3 - Eastern,M,30 to 39,10075,279,2.77
2008,Zone 3 - Eastern,M,40 to 49,13221,823,6.22
2008,Zone 3 - Eastern,M,50 to 59,14755,1967,13.33
2008,Zone 3 - Eastern,M,60 to 69,11089,2646,23.86
2008,Zone 3 - Eastern,M,70 to 79,6104,1824,29.88
2008,Zone 3 - Eastern,M,80 +,3116,982,31.51
2008,Zone 2 - Northern,F,20 to 29,9029,67,0.74
2008,Zone 2 - Northern,F,30 to 39,10331,270,2.61
2008,Zone 2 - Northern,F,40 to 49,12641,624,4.94
2008,Zone 2 - Northern,F,50 to 59,12511,1154,9.22
2008,Zone 2 - Northern,F,60 to 69,9222,1462,15.85
2008,Zone 2 - Northern,F,70 to 79,5901,1340,22.71
2008,Zone 2 - Northern,F,80 +,5081,1074,21.14
2008,Zone 2 - Northern,M,20 to 29,8954,108,1.21
2008,Zone 2 - Northern,M,30 to 39,9932,232,2.34
2008,Zone 2 - Northern,M,40 to 49,12437,649,5.22
2008,Zone 2 - Northern,M,50 to 59,12428,1479,11.9
2008,Zone 2 - Northern,M,60 to 69,9187,1890,20.57
2008,Zone 2 - Northern,M,70 to 79,5102,1331,26.09
2008,Zone 2 - Northern,M,80 +,2758,725,26.29
2008,Zone 1 - Western,F,20 to 29,11164,104,0.93
2008,Zone 1 - Western,F,30 to 39,12381,310,2.5
2008,Zone 1 - Western,F,40 to 49,17146,851,4.96
2008,Zone 1 - Western,F,50 to 59,17208,1744,10.13
2008,Zone 1 - Western,F,60 to 69,13385,2346,17.53
2008,Zone 1 - Western,F,70 to 79,8339,2041,24.48
2008,Zone 1 - Western,F,80 +,6879,1641,23.86
2008,Zone 1 - Western,M,20 to 29,10919,120,1.1
2008,Zone 1 - Western,M,30 to 39,11838,255,2.15
2008,Zone 1 - Western,M,40 to 49,16255,893,5.49
2008,Zone 1 - Western,M,50 to 59,16774,2066,12.32
2008,Zone 1 - Western,M,60 to 69,13112,2910,22.19
2008,Zone 1 - Western,M,70 to 79,7477,2077,27.78
2008,Zone 1 - Western,M,80 +,4151,1204,29.01
2009,Zone 4 - Central,F,20 to 29,32328,286,0.88
2009,Zone 4 - Central,F,30 to 39,32789,603,1.84
2009,Zone 4 - Central,F,40 to 49,36108,1602,4.44
2009,Zone 4 - Central,F,50 to 59,32339,3003,9.29
2009,Zone 4 - Central,F,60 to 69,22536,3701,16.42
2009,Zone 4 - Central,F,70 to 79,12910,2920,22.62
2009,Zone 4 - Central,F,80 +,10480,2250,21.47
2009,Zone 4 - Central,M,20 to 29,31232,315,1.01
2009,Zone 4 - Central,M,30 to 39,30101,592,1.97
2009,Zone 4 - Central,M,40 to 49,34182,1885,5.51
2009,Zone 4 - Central,M,50 to 59,30437,3675,12.07
2009,Zone 4 - Central,M,60 to 69,21039,4790,22.77
2009,Zone 4 - Central,M,70 to 79,11066,3373,30.48
2009,Zone 4 - Central,M,80 +,5653,1626,28.76
2009,Zone 3 - Eastern,F,20 to 29,9792,132,1.35
2009,Zone 3 - Eastern,F,30 to 39,10040,357,3.56
2009,Zone 3 - Eastern,F,40 to 49,13300,809,6.08
2009,Zone 3 - Eastern,F,50 to 59,14980,1612,10.76
2009,Zone 3 - Eastern,F,60 to 69,11528,2177,18.88
2009,Zone 3 - Eastern,F,70 to 79,7183,1900,26.45
2009,Zone 3 - Eastern,F,80 +,6018,1478,24.56
2009,Zone 3 - Eastern,M,20 to 29,10058,156,1.55
2009,Zone 3 - Eastern,M,30 to 39,10027,280,2.79
2009,Zone 3 - Eastern,M,40 to 49,12891,851,6.6
2009,Zone 3 - Eastern,M,50 to 59,14713,1991,13.53
2009,Zone 3 - Eastern,M,60 to 69,11654,2833,24.31
2009,Zone 3 - Eastern,M,70 to 79,6278,1942,30.93
2009,Zone 3 - Eastern,M,80 +,3172,1030,32.47
2009,Zone 2 - Northern,F,20 to 29,8992,76,0.85
2009,Zone 2 - Northern,F,30 to 39,10190,277,2.72
2009,Zone 2 - Northern,F,40 to 49,12468,664,5.33
2009,Zone 2 - Northern,F,50 to 59,12713,1192,9.38
2009,Zone 2 - Northern,F,60 to 69,9631,1585,16.46
2009,Zone 2 - Northern,F,70 to 79,5995,1409,23.5
2009,Zone 2 - Northern,F,80 +,5113,1123,21.96
2009,Zone 2 - Northern,M,20 to 29,9066,112,1.24
2009,Zone 2 - Northern,M,30 to 39,9818,237,2.41
2009,Zone 2 - Northern,M,40 to 49,12248,675,5.51
2009,Zone 2 - Northern,M,50 to 59,12565,1569,12.49
2009,Zone 2 - Northern,M,60 to 69,9685,2099,21.67
2009,Zone 2 - Northern,M,70 to 79,5178,1414,27.31
2009,Zone 2 - Northern,M,80 +,2817,767,27.23
2009,Zone 1 - Western,F,20 to 29,11109,113,1.02
2009,Zone 1 - Western,F,30 to 39,12230,318,2.6
2009,Zone 1 - Western,F,40 to 49,16664,847,5.08
2009,Zone 1 - Western,F,50 to 59,17549,1839,10.48
2009,Zone 1 - Western,F,60 to 69,14014,2505,17.87
2009,Zone 1 - Western,F,70 to 79,8444,2137,25.31
2009,Zone 1 - Western,F,80 +,6969,1737,24.92
2009,Zone 1 - Western,M,20 to 29,10959,121,1.1
2009,Zone 1 - Western,M,30 to 39,11604,257,2.21
2009,Zone 1 - Western,M,40 to 49,15902,910,5.72
2009,Zone 1 - Western,M,50 to 59,16934,2128,12.57
2009,Zone 1 - Western,M,60 to 69,13771,3125,22.69
2009,Zone 1 - Western,M,70 to 79,7671,2230,29.07
2009,Zone 1 - Western,M,80 +,4232,1254,29.63
2010,Zone 4 - Central,F,20 to 29,32908,289,0.88
2010,Zone 4 - Central,F,30 to 39,32843,625,1.9
2010,Zone 4 - Central,F,40 to 49,36070,1656,4.59
2010,Zone 4 - Central,F,50 to 59,33258,3081,9.26
2010,Zone 4 - Central,F,60 to 69,23683,4008,16.92
2010,Zone 4 - Central,F,70 to 79,13166,3070,23.32
2010,Zone 4 - Central,F,80 +,10741,2352,21.9
2010,Zone 4 - Central,M,20 to 29,32287,315,0.98
2010,Zone 4 - Central,M,30 to 39,30263,613,2.03
2010,Zone 4 - Central,M,40 to 49,34117,1957,5.74
2010,Zone 4 - Central,M,50 to 59,31319,3847,12.28
2010,Zone 4 - Central,M,60 to 69,22113,5145,23.27
2010,Zone 4 - Central,M,70 to 79,11339,3534,31.17
2010,Zone 4 - Central,M,80 +,5862,1748,29.82
2010,Zone 3 - Eastern,F,20 to 29,9789,143,1.46
2010,Zone 3 - Eastern,F,30 to 39,9989,363,3.63
2010,Zone 3 - Eastern,F,40 to 49,12794,803,6.28
2010,Zone 3 - Eastern,F,50 to 59,15172,1650,10.88
2010,Zone 3 - Eastern,F,60 to 69,11998,2292,19.1
2010,Zone 3 - Eastern,F,70 to 79,7363,1992,27.05
2010,Zone 3 - Eastern,F,80 +,5958,1535,25.76
2010,Zone 3 - Eastern,M,20 to 29,10261,162,1.58
2010,Zone 3 - Eastern,M,30 to 39,9841,264,2.68
2010,Zone 3 - Eastern,M,40 to 49,12537,844,6.73
2010,Zone 3 - Eastern,M,50 to 59,14797,2012,13.6
2010,Zone 3 - Eastern,M,60 to 69,12041,2972,24.68
2010,Zone 3 - Eastern,M,70 to 79,6477,2038,31.47
2010,Zone 3 - Eastern,M,80 +,3246,1080,33.27
2010,Zone 2 - Northern,F,20 to 29,9050,82,0.91
2010,Zone 2 - Northern,F,30 to 39,9998,260,2.6
2010,Zone 2 - Northern,F,40 to 49,12285,692,5.63
2010,Zone 2 - Northern,F,50 to 59,12976,1232,9.49
2010,Zone 2 - Northern,F,60 to 69,10015,1710,17.07
2010,Zone 2 - Northern,F,70 to 79,6037,1471,24.37
2010,Zone 2 - Northern,F,80 +,5201,1205,23.17
2010,Zone 2 - Northern,M,20 to 29,9195,114,1.24
2010,Zone 2 - Northern,M,30 to 39,9661,232,2.4
2010,Zone 2 - Northern,M,40 to 49,12094,710,5.87
2010,Zone 2 - Northern,M,50 to 59,12737,1636,12.84
2010,Zone 2 - Northern,M,60 to 69,10024,2239,22.34
2010,Zone 2 - Northern,M,70 to 79,5364,1496,27.89
2010,Zone 2 - Northern,M,80 +,2913,814,27.94
2010,Zone 1 - Western,F,20 to 29,11228,113,1.01
2010,Zone 1 - Western,F,30 to 39,12007,323,2.69
2010,Zone 1 - Western,F,40 to 49,16204,852,5.26
2010,Zone 1 - Western,F,50 to 59,17942,1919,10.7
2010,Zone 1 - Western,F,60 to 69,14642,2690,18.37
2010,Zone 1 - Western,F,70 to 79,8640,2249,26.03
2010,Zone 1 - Western,F,80 +,7096,1858,26.18
2010,Zone 1 - Western,M,20 to 29,11106,135,1.22
2010,Zone 1 - Western,M,30 to 39,11334,255,2.25
2010,Zone 1 - Western,M,40 to 49,15557,949,6.1
2010,Zone 1 - Western,M,50 to 59,17292,2233,12.91
2010,Zone 1 - Western,M,60 to 69,14251,3304,23.18
2010,Zone 1 - Western,M,70 to 79,7977,2414,30.26
2010,Zone 1 - Western,M,80 +,4316,1321,30.61
2011,Zone 4 - Central,F,20 to 29,33273,308,0.93
2011,Zone 4 - Central,F,30 to 39,32938,613,1.86
2011,Zone 4 - Central,F,40 to 49,35932,1629,4.53
2011,Zone 4 - Central,F,50 to 59,34194,3279,9.59
2011,Zone 4 - Central,F,60 to 69,24685,4200,17.01
2011,Zone 4 - Central,F,70 to 79,13499,3189,23.62
2011,Zone 4 - Central,F,80 +,10972,2503,22.81
2011,Zone 4 - Central,M,20 to 29,32860,320,0.97
2011,Zone 4 - Central,M,30 to 39,30359,634,2.09
2011,Zone 4 - Central,M,40 to 49,33821,1963,5.8
2011,Zone 4 - Central,M,50 to 59,32441,4041,12.46
2011,Zone 4 - Central,M,60 to 69,22910,5344,23.33
2011,Zone 4 - Central,M,70 to 79,11707,3733,31.89
2011,Zone 4 - Central,M,80 +,6128,1898,30.97
2011,Zone 3 - Eastern,F,20 to 29,9749,142,1.46
2011,Zone 3 - Eastern,F,30 to 39,9823,349,3.55
2011,Zone 3 - Eastern,F,40 to 49,12498,848,6.79
2011,Zone 3 - Eastern,F,50 to 59,15246,1722,11.29
2011,Zone 3 - Eastern,F,60 to 69,12375,2363,19.09
2011,Zone 3 - Eastern,F,70 to 79,7502,2072,27.62
2011,Zone 3 - Eastern,F,80 +,6025,1604,26.62
2011,Zone 3 - Eastern,M,20 to 29,10267,166,1.62
2011,Zone 3 - Eastern,M,30 to 39,9681,282,2.91
2011,Zone 3 - Eastern,M,40 to 49,12193,843,6.91
2011,Zone 3 - Eastern,M,50 to 59,14869,2039,13.71
2011,Zone 3 - Eastern,M,60 to 69,12368,3116,25.19
2011,Zone 3 - Eastern,M,70 to 79,6718,2141,31.87
2011,Zone 3 - Eastern,M,80 +,3299,1101,33.37
2011,Zone 2 - Northern,F,20 to 29,9038,82,0.91
2011,Zone 2 - Northern,F,30 to 39,9826,256,2.61
2011,Zone 2 - Northern,F,40 to 49,12067,651,5.39
2011,Zone 2 - Northern,F,50 to 59,13262,1350,10.18
2011,Zone 2 - Northern,F,60 to 69,10346,1810,17.49
2011,Zone 2 - Northern,F,70 to 79,6181,1513,24.48
2011,Zone 2 - Northern,F,80 +,5176,1237,23.9
2011,Zone 2 - Northern,M,20 to 29,9295,121,1.3
2011,Zone 2 - Northern,M,30 to 39,9439,220,2.33
2011,Zone 2 - Northern,M,40 to 49,11913,745,6.25
2011,Zone 2 - Northern,M,50 to 59,12900,1690,13.1
2011,Zone 2 - Northern,M,60 to 69,10385,2344,22.57
2011,Zone 2 - Northern,M,70 to 79,5554,1640,29.53
2011,Zone 2 - Northern,M,80 +,2967,839,28.28
2011,Zone 1 - Western,F,20 to 29,11231,121,1.08
2011,Zone 1 - Western,F,30 to 39,11801,327,2.77
2011,Zone 1 - Western,F,40 to 49,15738,842,5.35
2011,Zone 1 - Western,F,50 to 59,18286,1984,10.85
2011,Zone 1 - Western,F,60 to 69,15117,2848,18.84
2011,Zone 1 - Western,F,70 to 79,8824,2294,26
2011,Zone 1 - Western,F,80 +,7237,1927,26.63
2011,Zone 1 - Western,M,20 to 29,11166,136,1.22
2011,Zone 1 - Western,M,30 to 39,11195,255,2.28
2011,Zone 1 - Western,M,40 to 49,15049,952,6.33
2011,Zone 1 - Western,M,50 to 59,17612,2358,13.39
2011,Zone 1 - Western,M,60 to 69,14701,3447,23.45
2011,Zone 1 - Western,M,70 to 79,8265,2573,31.13
2011,Zone 1 - Western,M,80 +,4434,1379,31.1
2012,Zone 4 - Central,F,20 to 29,33241,308,0.93
2012,Zone 4 - Central,F,30 to 39,33215,647,1.95
2012,Zone 4 - Central,F,40 to 49,35415,1624,4.59
2012,Zone 4 - Central,F,50 to 59,35176,3381,9.61
2012,Zone 4 - Central,F,60 to 69,25594,4359,17.03
2012,Zone 4 - Central,F,70 to 79,13974,3371,24.12
2012,Zone 4 - Central,F,80 +,11156,2616,23.45
2012,Zone 4 - Central,M,20 to 29,33030,326,0.99
2012,Zone 4 - Central,M,30 to 39,30522,661,2.17
2012,Zone 4 - Central,M,40 to 49,33326,1923,5.77
2012,Zone 4 - Central,M,50 to 59,33544,4227,12.6
2012,Zone 4 - Central,M,60 to 69,23801,5550,23.32
2012,Zone 4 - Central,M,70 to 79,12177,3938,32.34
2012,Zone 4 - Central,M,80 +,6364,1993,31.32
2012,Zone 3 - Eastern,F,20 to 29,9678,132,1.36
2012,Zone 3 - Eastern,F,30 to 39,9704,360,3.71
2012,Zone 3 - Eastern,F,40 to 49,12011,839,6.99
2012,Zone 3 - Eastern,F,50 to 59,15297,1748,11.43
2012,Zone 3 - Eastern,F,60 to 69,12783,2444,19.12
2012,Zone 3 - Eastern,F,70 to 79,7701,2128,27.63
2012,Zone 3 - Eastern,F,80 +,6048,1648,27.25
2012,Zone 3 - Eastern,M,20 to 29,10105,168,1.66
2012,Zone 3 - Eastern,M,30 to 39,9645,293,3.04
2012,Zone 3 - Eastern,M,40 to 49,11802,826,7
2012,Zone 3 - Eastern,M,50 to 59,14775,2023,13.69
2012,Zone 3 - Eastern,M,60 to 69,12723,3175,24.95
2012,Zone 3 - Eastern,M,70 to 79,6981,2263,32.42
2012,Zone 3 - Eastern,M,80 +,3437,1138,33.11
2012,Zone 2 - Northern,F,20 to 29,9019,83,0.92
2012,Zone 2 - Northern,F,30 to 39,9745,251,2.58
2012,Zone 2 - Northern,F,40 to 49,11817,672,5.69
2012,Zone 2 - Northern,F,50 to 59,13405,1377,10.27
2012,Zone 2 - Northern,F,60 to 69,10708,1882,17.58
2012,Zone 2 - Northern,F,70 to 79,6366,1545,24.27
2012,Zone 2 - Northern,F,80 +,5180,1255,24.23
2012,Zone 2 - Northern,M,20 to 29,9305,126,1.35
2012,Zone 2 - Northern,M,30 to 39,9246,222,2.4
2012,Zone 2 - Northern,M,40 to 49,11707,739,6.31
2012,Zone 2 - Northern,M,50 to 59,12980,1674,12.9
2012,Zone 2 - Northern,M,60 to 69,10638,2450,23.03
2012,Zone 2 - Northern,M,70 to 79,5826,1726,29.63
2012,Zone 2 - Northern,M,80 +,3008,884,29.39
2012,Zone 1 - Western,F,20 to 29,11204,128,1.14
2012,Zone 1 - Western,F,30 to 39,11639,322,2.77
2012,Zone 1 - Western,F,40 to 49,15257,830,5.44
2012,Zone 1 - Western,F,50 to 59,18554,2009,10.83
2012,Zone 1 - Western,F,60 to 69,15520,2925,18.85
2012,Zone 1 - Western,F,70 to 79,9201,2405,26.14
2012,Zone 1 - Western,F,80 +,7317,1987,27.16
2012,Zone 1 - Western,M,20 to 29,11153,129,1.16
2012,Zone 1 - Western,M,30 to 39,10981,273,2.49
2012,Zone 1 - Western,M,40 to 49,14639,930,6.35
2012,Zone 1 - Western,M,50 to 59,17830,2412,13.53
2012,Zone 1 - Western,M,60 to 69,15098,3565,23.61
2012,Zone 1 - Western,M,70 to 79,8573,2706,31.56
2012,Zone 1 - Western,M,80 +,4555,1457,31.99
2013,Zone 4 - Central,F,20 to 29,33603,294,0.87
2013,Zone 4 - Central,F,30 to 39,33173,648,1.95
2013,Zone 4 - Central,F,40 to 49,35063,1629,4.65
2013,Zone 4 - Central,F,50 to 59,35884,3442,9.59
2013,Zone 4 - Central,F,60 to 69,26593,4515,16.98
2013,Zone 4 - Central,F,70 to 79,14551,3498,24.04
2013,Zone 4 - Central,F,80 +,11354,2719,23.95
2013,Zone 4 - Central,M,20 to 29,33123,340,1.03
2013,Zone 4 - Central,M,30 to 39,31004,676,2.18
2013,Zone 4 - Central,M,40 to 49,32858,1838,5.59
2013,Zone 4 - Central,M,50 to 59,34653,4390,12.67
2013,Zone 4 - Central,M,60 to 69,24706,5686,23.01
2013,Zone 4 - Central,M,70 to 79,12766,4139,32.42
2013,Zone 4 - Central,M,80 +,6569,2102,32
2013,Zone 3 - Eastern,F,20 to 29,9503,133,1.4
2013,Zone 3 - Eastern,F,30 to 39,9627,358,3.72
2013,Zone 3 - Eastern,F,40 to 49,11684,832,7.12
2013,Zone 3 - Eastern,F,50 to 59,15158,1736,11.45
2013,Zone 3 - Eastern,F,60 to 69,13146,2514,19.12
2013,Zone 3 - Eastern,F,70 to 79,7984,2201,27.57
2013,Zone 3 - Eastern,F,80 +,6090,1697,27.87
2013,Zone 3 - Eastern,M,20 to 29,9933,179,1.8
2013,Zone 3 - Eastern,M,30 to 39,9649,292,3.03
2013,Zone 3 - Eastern,M,40 to 49,11475,818,7.13
2013,Zone 3 - Eastern,M,50 to 59,14633,2005,13.7
2013,Zone 3 - Eastern,M,60 to 69,13079,3231,24.7
2013,Zone 3 - Eastern,M,70 to 79,7272,2367,32.55
2013,Zone 3 - Eastern,M,80 +,3523,1179,33.47
2013,Zone 2 - Northern,F,20 to 29,8937,89,1
2013,Zone 2 - Northern,F,30 to 39,9546,244,2.56
2013,Zone 2 - Northern,F,40 to 49,11643,670,5.75
2013,Zone 2 - Northern,F,50 to 59,13455,1398,10.39
2013,Zone 2 - Northern,F,60 to 69,11106,1976,17.79
2013,Zone 2 - Northern,F,70 to 79,6550,1584,24.18
2013,Zone 2 - Northern,F,80 +,5200,1284,24.69
2013,Zone 2 - Northern,M,20 to 29,9193,129,1.4
2013,Zone 2 - Northern,M,30 to 39,9203,225,2.44
2013,Zone 2 - Northern,M,40 to 49,11459,711,6.2
2013,Zone 2 - Northern,M,50 to 59,13107,1726,13.17
2013,Zone 2 - Northern,M,60 to 69,10970,2560,23.34
2013,Zone 2 - Northern,M,70 to 79,6085,1818,29.88
2013,Zone 2 - Northern,M,80 +,3097,914,29.51
2013,Zone 1 - Western,F,20 to 29,11090,136,1.23
2013,Zone 1 - Western,F,30 to 39,11581,303,2.62
2013,Zone 1 - Western,F,40 to 49,14639,811,5.54
2013,Zone 1 - Western,F,50 to 59,18834,2077,11.03
2013,Zone 1 - Western,F,60 to 69,15950,3003,18.83
2013,Zone 1 - Western,F,70 to 79,9577,2524,26.35
2013,Zone 1 - Western,F,80 +,7398,2038,27.55
2013,Zone 1 - Western,M,20 to 29,11065,130,1.17
2013,Zone 1 - Western,M,30 to 39,10870,274,2.52
2013,Zone 1 - Western,M,40 to 49,14142,929,6.57
2013,Zone 1 - Western,M,50 to 59,18082,2414,13.35
2013,Zone 1 - Western,M,60 to 69,15541,3730,24
2013,Zone 1 - Western,M,70 to 79,8917,2841,31.86
2013,Zone 1 - Western,M,80 +,4636,1509,32.55
2014,Zone 4 - Central,F,20 to 29,33533,289,0.86
2014,Zone 4 - Central,F,30 to 39,33339,641,1.92
2014,Zone 4 - Central,F,40 to 49,34499,1586,4.6
2014,Zone 4 - Central,F,50 to 59,36606,3445,9.41
2014,Zone 4 - Central,F,60 to 69,27582,4652,16.87
2014,Zone 4 - Central,F,70 to 79,15228,3657,24.01
2014,Zone 4 - Central,F,80 +,11482,2792,24.32
2014,Zone 4 - Central,M,20 to 29,33122,342,1.03
2014,Zone 4 - Central,M,30 to 39,31294,677,2.16
2014,Zone 4 - Central,M,40 to 49,32362,1824,5.64
2014,Zone 4 - Central,M,50 to 59,35312,4468,12.65
2014,Zone 4 - Central,M,60 to 69,25578,5885,23.01
2014,Zone 4 - Central,M,70 to 79,13425,4346,32.37
2014,Zone 4 - Central,M,80 +,6810,2230,32.75
2014,Zone 3 - Eastern,F,20 to 29,9359,141,1.51
2014,Zone 3 - Eastern,F,30 to 39,9486,348,3.67
2014,Zone 3 - Eastern,F,40 to 49,11297,832,7.36
2014,Zone 3 - Eastern,F,50 to 59,15101,1715,11.36
2014,Zone 3 - Eastern,F,60 to 69,13582,2633,19.39
2014,Zone 3 - Eastern,F,70 to 79,8249,2250,27.28
2014,Zone 3 - Eastern,F,80 +,6120,1734,28.33
2014,Zone 3 - Eastern,M,20 to 29,9789,181,1.85
2014,Zone 3 - Eastern,M,30 to 39,9471,285,3.01
2014,Zone 3 - Eastern,M,40 to 49,11208,823,7.34
2014,Zone 3 - Eastern,M,50 to 59,14415,1985,13.77
2014,Zone 3 - Eastern,M,60 to 69,13541,3357,24.79
2014,Zone 3 - Eastern,M,70 to 79,7471,2442,32.69
2014,Zone 3 - Eastern,M,80 +,3599,1218,33.84
2014,Zone 2 - Northern,F,20 to 29,8885,89,1
2014,Zone 2 - Northern,F,30 to 39,9360,247,2.64
2014,Zone 2 - Northern,F,40 to 49,11366,675,5.94
2014,Zone 2 - Northern,F,50 to 59,13409,1426,10.63
2014,Zone 2 - Northern,F,60 to 69,11612,2072,17.84
2014,Zone 2 - Northern,F,70 to 79,6696,1638,24.46
2014,Zone 2 - Northern,F,80 +,5220,1289,24.69
2014,Zone 2 - Northern,M,20 to 29,9049,131,1.45
2014,Zone 2 - Northern,M,30 to 39,9137,214,2.34
2014,Zone 2 - Northern,M,40 to 49,11015,684,6.21
2014,Zone 2 - Northern,M,50 to 59,13250,1762,13.3
2014,Zone 2 - Northern,M,60 to 69,11311,2642,23.36
2014,Zone 2 - Northern,M,70 to 79,6330,1951,30.82
2014,Zone 2 - Northern,M,80 +,3172,971,30.61
2014,Zone 1 - Western,F,20 to 29,10916,123,1.13
2014,Zone 1 - Western,F,30 to 39,11466,291,2.54
2014,Zone 1 - Western,F,40 to 49,14080,827,5.87
2014,Zone 1 - Western,F,50 to 59,18844,2074,11.01
2014,Zone 1 - Western,F,60 to 69,16543,3149,19.04
2014,Zone 1 - Western,F,70 to 79,9846,2565,26.05
2014,Zone 1 - Western,F,80 +,7519,2105,28
2014,Zone 1 - Western,M,20 to 29,10944,127,1.16
2014,Zone 1 - Western,M,30 to 39,10778,286,2.65
2014,Zone 1 - Western,M,40 to 49,13609,903,6.64
2014,Zone 1 - Western,M,50 to 59,18093,2448,13.53
2014,Zone 1 - Western,M,60 to 69,16009,3826,23.9
2014,Zone 1 - Western,M,70 to 79,9241,2997,32.43
2014,Zone 1 - Western,M,80 +,4805,1595,33.19
2015,Zone 4 - Central,F,20 to 29,33575,304,0.91
2015,Zone 4 - Central,F,30 to 39,33677,647,1.92
2015,Zone 4 - Central,F,40 to 49,34434,1570,4.56
2015,Zone 4 - Central,F,50 to 59,36721,3472,9.46
2015,Zone 4 - Central,F,60 to 69,28721,4820,16.78
2015,Zone 4 - Central,F,70 to 79,15939,3782,23.73
2015,Zone 4 - Central,F,80 +,11480,2846,24.79
2015,Zone 4 - Central,M,20 to 29,33078,338,1.02
2015,Zone 4 - Central,M,30 to 39,31811,675,2.12
2015,Zone 4 - Central,M,40 to 49,32196,1781,5.53
2015,Zone 4 - Central,M,50 to 59,35747,4547,12.72
2015,Zone 4 - Central,M,60 to 69,26517,6045,22.8
2015,Zone 4 - Central,M,70 to 79,14081,4593,32.62
2015,Zone 4 - Central,M,80 +,7021,2315,32.97
2015,Zone 3 - Eastern,F,20 to 29,9207,147,1.6
2015,Zone 3 - Eastern,F,30 to 39,9408,345,3.67
2015,Zone 3 - Eastern,F,40 to 49,11002,805,7.32
2015,Zone 3 - Eastern,F,50 to 59,14912,1761,11.81
2015,Zone 3 - Eastern,F,60 to 69,13987,2724,19.48
2015,Zone 3 - Eastern,F,70 to 79,8490,2340,27.56
2015,Zone 3 - Eastern,F,80 +,6105,1753,28.71
2015,Zone 3 - Eastern,M,20 to 29,9683,180,1.86
2015,Zone 3 - Eastern,M,30 to 39,9440,292,3.09
2015,Zone 3 - Eastern,M,40 to 49,11043,815,7.38
2015,Zone 3 - Eastern,M,50 to 59,14157,1977,13.96
2015,Zone 3 - Eastern,M,60 to 69,13836,3397,24.55
2015,Zone 3 - Eastern,M,70 to 79,7696,2558,33.24
2015,Zone 3 - Eastern,M,80 +,3692,1284,34.78
2015,Zone 2 - Northern,F,20 to 29,8848,92,1.04
2015,Zone 2 - Northern,F,30 to 39,9291,246,2.65
2015,Zone 2 - Northern,F,40 to 49,11058,675,6.1
2015,Zone 2 - Northern,F,50 to 59,13380,1423,10.64
2015,Zone 2 - Northern,F,60 to 69,11899,2157,18.13
2015,Zone 2 - Northern,F,70 to 79,6934,1694,24.43
2015,Zone 2 - Northern,F,80 +,5173,1280,24.74
2015,Zone 2 - Northern,M,20 to 29,8940,130,1.45
2015,Zone 2 - Northern,M,30 to 39,9119,222,2.43
2015,Zone 2 - Northern,M,40 to 49,10797,702,6.5
2015,Zone 2 - Northern,M,50 to 59,13102,1748,13.34
2015,Zone 2 - Northern,M,60 to 69,11632,2749,23.63
2015,Zone 2 - Northern,M,70 to 79,6597,2061,31.24
2015,Zone 2 - Northern,M,80 +,3247,1002,30.86
2015,Zone 1 - Western,F,20 to 29,10839,129,1.19
2015,Zone 1 - Western,F,30 to 39,11450,302,2.64
2015,Zone 1 - Western,F,40 to 49,13701,833,6.08
2015,Zone 1 - Western,F,50 to 59,18749,2098,11.19
2015,Zone 1 - Western,F,60 to 69,16995,3217,18.93
2015,Zone 1 - Western,F,70 to 79,10275,2701,26.29
2015,Zone 1 - Western,F,80 +,7589,2160,28.46
2015,Zone 1 - Western,M,20 to 29,10935,134,1.23
2015,Zone 1 - Western,M,30 to 39,10766,287,2.67
2015,Zone 1 - Western,M,40 to 49,13233,882,6.67
2015,Zone 1 - Western,M,50 to 59,18039,2495,13.83
2015,Zone 1 - Western,M,60 to 69,16419,3935,23.97
2015,Zone 1 - Western,M,70 to 79,9622,3124,32.47
2015,Zone 1 - Western,M,80 +,4968,1678,33.78
2016,Zone 4 - Central,F,20 to 29,33716,326,0.97
2016,Zone 4 - Central,F,30 to 39,34474,641,1.86
2016,Zone 4 - Central,F,40 to 49,34243,1563,4.56
2016,Zone 4 - Central,F,50 to 59,36870,3492,9.47
2016,Zone 4 - Central,F,60 to 69,29327,4887,16.66
2016,Zone 4 - Central,F,70 to 79,17159,3999,23.31
2016,Zone 4 - Central,F,80 +,11606,2919,25.15
2016,Zone 4 - Central,M,20 to 29,33375,319,0.96
2016,Zone 4 - Central,M,30 to 39,32666,678,2.08
2016,Zone 4 - Central,M,40 to 49,32284,1752,5.43
2016,Zone 4 - Central,M,50 to 59,35907,4620,12.87
2016,Zone 4 - Central,M,60 to 69,27155,6165,22.7
2016,Zone 4 - Central,M,70 to 79,15090,4857,32.19
2016,Zone 4 - Central,M,80 +,7298,2417,33.12
2016,Zone 3 - Eastern,F,20 to 29,9185,139,1.51
2016,Zone 3 - Eastern,F,30 to 39,9470,346,3.65
2016,Zone 3 - Eastern,F,40 to 49,10720,821,7.66
2016,Zone 3 - Eastern,F,50 to 59,14589,1766,12.11
2016,Zone 3 - Eastern,F,60 to 69,14151,2755,19.47
2016,Zone 3 - Eastern,F,70 to 79,8909,2423,27.2
2016,Zone 3 - Eastern,F,80 +,6201,1801,29.04
2016,Zone 3 - Eastern,M,20 to 29,9663,179,1.85
2016,Zone 3 - Eastern,M,30 to 39,9522,306,3.21
2016,Zone 3 - Eastern,M,40 to 49,10748,787,7.32
2016,Zone 3 - Eastern,M,50 to 59,13921,1979,14.22
2016,Zone 3 - Eastern,M,60 to 69,13924,3393,24.37
2016,Zone 3 - Eastern,M,70 to 79,8168,2719,33.29
2016,Zone 3 - Eastern,M,80 +,3811,1332,34.95
2016,Zone 2 - Northern,F,20 to 29,8872,95,1.07
2016,Zone 2 - Northern,F,30 to 39,9214,219,2.38
2016,Zone 2 - Northern,F,40 to 49,10954,696,6.35
2016,Zone 2 - Northern,F,50 to 59,13324,1435,10.77
2016,Zone 2 - Northern,F,60 to 69,12009,2180,18.15
2016,Zone 2 - Northern,F,70 to 79,7328,1748,23.85
2016,Zone 2 - Northern,F,80 +,5251,1315,25.04
2016,Zone 2 - Northern,M,20 to 29,9143,127,1.39
2016,Zone 2 - Northern,M,30 to 39,9029,226,2.5
2016,Zone 2 - Northern,M,40 to 49,10718,728,6.79
2016,Zone 2 - Northern,M,50 to 59,12966,1756,13.54
2016,Zone 2 - Northern,M,60 to 69,11772,2761,23.45
2016,Zone 2 - Northern,M,70 to 79,7049,2221,31.51
2016,Zone 2 - Northern,M,80 +,3349,1049,31.32
2016,Zone 1 - Western,F,20 to 29,10837,130,1.2
2016,Zone 1 - Western,F,30 to 39,11480,321,2.8
2016,Zone 1 - Western,F,40 to 49,13532,835,6.17
2016,Zone 1 - Western,F,50 to 59,18521,2073,11.19
2016,Zone 1 - Western,F,60 to 69,17217,3232,18.77
2016,Zone 1 - Western,F,70 to 79,10990,2853,25.96
2016,Zone 1 - Western,F,80 +,7639,2196,28.75
2016,Zone 1 - Western,M,20 to 29,11014,132,1.2
2016,Zone 1 - Western,M,30 to 39,10890,280,2.57
2016,Zone 1 - Western,M,40 to 49,13029,904,6.94
2016,Zone 1 - Western,M,50 to 59,17844,2503,14.03
2016,Zone 1 - Western,M,60 to 69,16606,3989,24.02
2016,Zone 1 - Western,M,70 to 79,10279,3350,32.59
2016,Zone 1 - Western,M,80 +,5168,1753,33.92
2017,Zone 4 - Central,F,20 to 29,33946,308,0.91
2017,Zone 4 - Central,F,30 to 39,35493,681,1.92
2017,Zone 4 - Central,F,40 to 49,34399,1569,4.56
2017,Zone 4 - Central,F,50 to 59,36922,3458,9.37
2017,Zone 4 - Central,F,60 to 69,29882,4937,16.52
2017,Zone 4 - Central,F,70 to 79,18463,4246,23
2017,Zone 4 - Central,F,80 +,11782,2965,25.17
2017,Zone 4 - Central,M,20 to 29,33594,332,0.99
2017,Zone 4 - Central,M,30 to 39,33802,715,2.12
2017,Zone 4 - Central,M,40 to 49,32595,1781,5.46
2017,Zone 4 - Central,M,50 to 59,35700,4583,12.84
2017,Zone 4 - Central,M,60 to 69,27894,6274,22.49
2017,Zone 4 - Central,M,70 to 79,16298,5159,31.65
2017,Zone 4 - Central,M,80 +,7549,2500,33.12
2017,Zone 3 - Eastern,F,20 to 29,9228,152,1.65
2017,Zone 3 - Eastern,F,30 to 39,9470,345,3.64
2017,Zone 3 - Eastern,F,40 to 49,10598,834,7.87
2017,Zone 3 - Eastern,F,50 to 59,14161,1777,12.55
2017,Zone 3 - Eastern,F,60 to 69,14359,2761,19.23
2017,Zone 3 - Eastern,F,70 to 79,9446,2574,27.25
2017,Zone 3 - Eastern,F,80 +,6264,1845,29.45
2017,Zone 3 - Eastern,M,20 to 29,9658,175,1.81
2017,Zone 3 - Eastern,M,30 to 39,9615,330,3.43
2017,Zone 3 - Eastern,M,40 to 49,10586,797,7.53
2017,Zone 3 - Eastern,M,50 to 59,13650,1957,14.34
2017,Zone 3 - Eastern,M,60 to 69,13971,3425,24.52
2017,Zone 3 - Eastern,M,70 to 79,8653,2869,33.16
2017,Zone 3 - Eastern,M,80 +,3962,1401,35.36
2017,Zone 2 - Northern,F,20 to 29,8794,88,1
2017,Zone 2 - Northern,F,30 to 39,9229,214,2.32
2017,Zone 2 - Northern,F,40 to 49,10791,699,6.48
2017,Zone 2 - Northern,F,50 to 59,13115,1424,10.86
2017,Zone 2 - Northern,F,60 to 69,12191,2214,18.16
2017,Zone 2 - Northern,F,70 to 79,7883,1912,24.25
2017,Zone 2 - Northern,F,80 +,5249,1317,25.09
2017,Zone 2 - Northern,M,20 to 29,9164,126,1.37
2017,Zone 2 - Northern,M,30 to 39,9034,245,2.71
2017,Zone 2 - Northern,M,40 to 49,10639,733,6.89
2017,Zone 2 - Northern,M,50 to 59,12754,1783,13.98
2017,Zone 2 - Northern,M,60 to 69,11970,2809,23.47
2017,Zone 2 - Northern,M,70 to 79,7408,2380,32.13
2017,Zone 2 - Northern,M,80 +,3515,1095,31.15
2017,Zone 1 - Western,F,20 to 29,10880,134,1.23
2017,Zone 1 - Western,F,30 to 39,11567,315,2.72
2017,Zone 1 - Western,F,40 to 49,13378,871,6.51
2017,Zone 1 - Western,F,50 to 59,18197,1983,10.9
2017,Zone 1 - Western,F,60 to 69,17531,3274,18.68
2017,Zone 1 - Western,F,70 to 79,11671,3022,25.89
2017,Zone 1 - Western,F,80 +,7752,2224,28.69
2017,Zone 1 - Western,M,20 to 29,11137,130,1.17
2017,Zone 1 - Western,M,30 to 39,10975,289,2.63
2017,Zone 1 - Western,M,40 to 49,12843,894,6.96
2017,Zone 1 - Western,M,50 to 59,17492,2459,14.06
2017,Zone 1 - Western,M,60 to 69,16904,4022,23.79
2017,Zone 1 - Western,M,70 to 79,10939,3599,32.9
2017,Zone 1 - Western,M,80 +,5358,1852,34.57
2018,Zone 4 - Central,F,20 to 29,34103,300,0.88
2018,Zone 4 - Central,F,30 to 39,36903,701,1.9
2018,Zone 4 - Central,F,40 to 49,34906,1592,4.56
2018,Zone 4 - Central,F,50 to 59,36771,3491,9.49
2018,Zone 4 - Central,F,60 to 69,30841,4995,16.2
2018,Zone 4 - Central,F,70 to 79,19490,4464,22.9
2018,Zone 4 - Central,F,80 +,12018,3050,25.38
2018,Zone 4 - Central,M,20 to 29,33681,321,0.95
2018,Zone 4 - Central,M,30 to 39,35397,784,2.21
2018,Zone 4 - Central,M,40 to 49,33156,1777,5.36
2018,Zone 4 - Central,M,50 to 59,35773,4583,12.81
2018,Zone 4 - Central,M,60 to 69,28724,6360,22.14
2018,Zone 4 - Central,M,70 to 79,17217,5434,31.56
2018,Zone 4 - Central,M,80 +,7846,2639,33.63
2018,Zone 3 - Eastern,F,20 to 29,9326,156,1.67
2018,Zone 3 - Eastern,F,30 to 39,9479,350,3.69
2018,Zone 3 - Eastern,F,40 to 49,10524,817,7.76
2018,Zone 3 - Eastern,F,50 to 59,13759,1770,12.86
2018,Zone 3 - Eastern,F,60 to 69,14533,2801,19.27
2018,Zone 3 - Eastern,F,70 to 79,9835,2683,27.28
2018,Zone 3 - Eastern,F,80 +,6351,1848,29.1
2018,Zone 3 - Eastern,M,20 to 29,9631,165,1.71
2018,Zone 3 - Eastern,M,30 to 39,9673,328,3.39
2018,Zone 3 - Eastern,M,40 to 49,10522,793,7.54
2018,Zone 3 - Eastern,M,50 to 59,13313,1945,14.61
2018,Zone 3 - Eastern,M,60 to 69,14078,3408,24.21
2018,Zone 3 - Eastern,M,70 to 79,9048,3051,33.72
2018,Zone 3 - Eastern,M,80 +,4101,1428,34.82
2018,Zone 2 - Northern,F,20 to 29,8740,101,1.16
2018,Zone 2 - Northern,F,30 to 39,9236,209,2.26
2018,Zone 2 - Northern,F,40 to 49,10750,714,6.64
2018,Zone 2 - Northern,F,50 to 59,12902,1446,11.21
2018,Zone 2 - Northern,F,60 to 69,12409,2251,18.14
2018,Zone 2 - Northern,F,70 to 79,8258,2011,24.35
2018,Zone 2 - Northern,F,80 +,5345,1353,25.31
2018,Zone 2 - Northern,M,20 to 29,9231,131,1.42
2018,Zone 2 - Northern,M,30 to 39,9108,250,2.74
2018,Zone 2 - Northern,M,40 to 49,10488,724,6.9
2018,Zone 2 - Northern,M,50 to 59,12652,1789,14.14
2018,Zone 2 - Northern,M,60 to 69,12099,2864,23.67
2018,Zone 2 - Northern,M,70 to 79,7741,2470,31.91
2018,Zone 2 - Northern,M,80 +,3640,1171,32.17
2018,Zone 1 - Western,F,20 to 29,10892,139,1.28
2018,Zone 1 - Western,F,30 to 39,11717,317,2.71
2018,Zone 1 - Western,F,40 to 49,13205,854,6.47
2018,Zone 1 - Western,F,50 to 59,18005,2015,11.19
2018,Zone 1 - Western,F,60 to 69,17834,3275,18.36
2018,Zone 1 - Western,F,70 to 79,12252,3139,25.62
2018,Zone 1 - Western,F,80 +,7942,2300,28.96
2018,Zone 1 - Western,M,20 to 29,11223,129,1.15
2018,Zone 1 - Western,M,30 to 39,11172,294,2.63
2018,Zone 1 - Western,M,40 to 49,12655,841,6.65
2018,Zone 1 - Western,M,50 to 59,17230,2416,14.02
2018,Zone 1 - Western,M,60 to 69,17215,4062,23.6
2018,Zone 1 - Western,M,70 to 79,11580,3784,32.68
2018,Zone 1 - Western,M,80 +,5521,1903,34.47
2019,Zone 4 - Central,F,20 to 29,34702,321,0.93
2019,Zone 4 - Central,F,30 to 39,38455,731,1.9
2019,Zone 4 - Central,F,40 to 49,35577,1662,4.67
2019,Zone 4 - Central,F,50 to 59,36853,3545,9.62
2019,Zone 4 - Central,F,60 to 69,31891,5143,16.13
2019,Zone 4 - Central,F,70 to 79,20457,4686,22.91
2019,Zone 4 - Central,F,80 +,12266,3122,25.45
2019,Zone 4 - Central,M,20 to 29,34554,324,0.94
2019,Zone 4 - Central,M,30 to 39,37211,810,2.18
2019,Zone 4 - Central,M,40 to 49,33861,1830,5.4
2019,Zone 4 - Central,M,50 to 59,35849,4659,13
2019,Zone 4 - Central,M,60 to 69,29654,6541,22.06
2019,Zone 4 - Central,M,70 to 79,18168,5775,31.79
2019,Zone 4 - Central,M,80 +,8179,2774,33.92
2019,Zone 3 - Eastern,F,20 to 29,9420,154,1.63
2019,Zone 3 - Eastern,F,30 to 39,9627,342,3.55
2019,Zone 3 - Eastern,F,40 to 49,10440,830,7.95
2019,Zone 3 - Eastern,F,50 to 59,13548,1741,12.85
2019,Zone 3 - Eastern,F,60 to 69,14673,2812,19.16
2019,Zone 3 - Eastern,F,70 to 79,10175,2748,27.01
2019,Zone 3 - Eastern,F,80 +,6456,1889,29.26
2019,Zone 3 - Eastern,M,20 to 29,9866,164,1.66
2019,Zone 3 - Eastern,M,30 to 39,9726,328,3.37
2019,Zone 3 - Eastern,M,40 to 49,10484,797,7.6
2019,Zone 3 - Eastern,M,50 to 59,13074,1942,14.85
2019,Zone 3 - Eastern,M,60 to 69,14172,3433,24.22
2019,Zone 3 - Eastern,M,70 to 79,9507,3203,33.69
2019,Zone 3 - Eastern,M,80 +,4259,1500,35.22
2019,Zone 2 - Northern,F,20 to 29,8738,97,1.11
2019,Zone 2 - Northern,F,30 to 39,9323,213,2.28
2019,Zone 2 - Northern,F,40 to 49,10668,725,6.8
2019,Zone 2 - Northern,F,50 to 59,12790,1489,11.64
2019,Zone 2 - Northern,F,60 to 69,12651,2243,17.73
2019,Zone 2 - Northern,F,70 to 79,8655,2122,24.52
2019,Zone 2 - Northern,F,80 +,5435,1414,26.02
2019,Zone 2 - Northern,M,20 to 29,9259,127,1.37
2019,Zone 2 - Northern,M,30 to 39,9281,250,2.69
2019,Zone 2 - Northern,M,40 to 49,10393,711,6.84
2019,Zone 2 - Northern,M,50 to 59,12495,1770,14.17
2019,Zone 2 - Northern,M,60 to 69,12314,2907,23.61
2019,Zone 2 - Northern,M,70 to 79,8149,2598,31.88
2019,Zone 2 - Northern,M,80 +,3692,1191,32.26
2019,Zone 1 - Western,F,20 to 29,10909,139,1.27
2019,Zone 1 - Western,F,30 to 39,11893,312,2.62
2019,Zone 1 - Western,F,40 to 49,13157,870,6.61
2019,Zone 1 - Western,F,50 to 59,17655,1950,11.05
2019,Zone 1 - Western,F,60 to 69,18268,3297,18.05
2019,Zone 1 - Western,F,70 to 79,12908,3299,25.56
2019,Zone 1 - Western,F,80 +,8057,2355,29.23
2019,Zone 1 - Western,M,20 to 29,11280,136,1.21
2019,Zone 1 - Western,M,30 to 39,11411,277,2.43
2019,Zone 1 - Western,M,40 to 49,12605,842,6.68
2019,Zone 1 - Western,M,50 to 59,16902,2396,14.18
2019,Zone 1 - Western,M,60 to 69,17492,4055,23.18
2019,Zone 1 - Western,M,70 to 79,12241,4002,32.69
2019,Zone 1 - Western,M,80 +,5687,1991,35.01
2020,Zone 4 - Central,F,20 to 29,35630,329,0.92
2020,Zone 4 - Central,F,30 to 39,39730,737,1.86
2020,Zone 4 - Central,F,40 to 49,36042,1681,4.66
2020,Zone 4 - Central,F,50 to 59,37076,3602,9.72
2020,Zone 4 - Central,F,60 to 69,32904,5225,15.88
2020,Zone 4 - Central,F,70 to 79,21511,4904,22.8
2020,Zone 4 - Central,F,80 +,12514,3143,25.12
2020,Zone 4 - Central,M,20 to 29,36172,329,0.91
2020,Zone 4 - Central,M,30 to 39,38460,816,2.12
2020,Zone 4 - Central,M,40 to 49,34419,1906,5.54
2020,Zone 4 - Central,M,50 to 59,35865,4599,12.82
2020,Zone 4 - Central,M,60 to 69,30678,6702,21.85
2020,Zone 4 - Central,M,70 to 79,19122,6090,31.85
2020,Zone 4 - Central,M,80 +,8529,2881,33.78
2020,Zone 3 - Eastern,F,20 to 29,9885,157,1.59
2020,Zone 3 - Eastern,F,30 to 39,9823,343,3.49
2020,Zone 3 - Eastern,F,40 to 49,10469,851,8.13
2020,Zone 3 - Eastern,F,50 to 59,13150,1695,12.89
2020,Zone 3 - Eastern,F,60 to 69,14921,2801,18.77
2020,Zone 3 - Eastern,F,70 to 79,10558,2811,26.62
2020,Zone 3 - Eastern,F,80 +,6606,1961,29.69
2020,Zone 3 - Eastern,M,20 to 29,10554,173,1.64
2020,Zone 3 - Eastern,M,30 to 39,10125,342,3.38
2020,Zone 3 - Eastern,M,40 to 49,10364,772,7.45
2020,Zone 3 - Eastern,M,50 to 59,12820,1897,14.8
2020,Zone 3 - Eastern,M,60 to 69,14334,3425,23.89
2020,Zone 3 - Eastern,M,70 to 79,9873,3335,33.78
2020,Zone 3 - Eastern,M,80 +,4460,1575,35.31
2020,Zone 2 - Northern,F,20 to 29,8785,105,1.2
2020,Zone 2 - Northern,F,30 to 39,9473,217,2.29
2020,Zone 2 - Northern,F,40 to 49,10541,688,6.53
2020,Zone 2 - Northern,F,50 to 59,12700,1501,11.82
2020,Zone 2 - Northern,F,60 to 69,12977,2288,17.63
2020,Zone 2 - Northern,F,70 to 79,9006,2187,24.28
2020,Zone 2 - Northern,F,80 +,5571,1447,25.97
2020,Zone 2 - Northern,M,20 to 29,9444,131,1.39
2020,Zone 2 - Northern,M,30 to 39,9436,264,2.8
2020,Zone 2 - Northern,M,40 to 49,10271,679,6.61
2020,Zone 2 - Northern,M,50 to 59,12423,1763,14.19
2020,Zone 2 - Northern,M,60 to 69,12504,2928,23.42
2020,Zone 2 - Northern,M,70 to 79,8517,2702,31.72
2020,Zone 2 - Northern,M,80 +,3874,1265,32.65
2020,Zone 1 - Western,F,20 to 29,10939,132,1.21
2020,Zone 1 - Western,F,30 to 39,12187,310,2.54
2020,Zone 1 - Western,F,40 to 49,13085,847,6.47
2020,Zone 1 - Western,F,50 to 59,17343,1923,11.09
2020,Zone 1 - Western,F,60 to 69,18781,3265,17.38
2020,Zone 1 - Western,F,70 to 79,13487,3407,25.26
2020,Zone 1 - Western,F,80 +,8250,2380,28.85
2020,Zone 1 - Western,M,20 to 29,11568,147,1.27
2020,Zone 1 - Western,M,30 to 39,11737,287,2.45
2020,Zone 1 - Western,M,40 to 49,12460,807,6.48
2020,Zone 1 - Western,M,50 to 59,16739,2373,14.18
2020,Zone 1 - Western,M,60 to 69,17973,4061,22.6
2020,Zone 1 - Western,M,70 to 79,12663,4143,32.72
2020,Zone 1 - Western,M,80 +,5925,2053,34.65
2021,Zone 4 - Central,F,20 to 29,35499,327,0.92
2021,Zone 4 - Central,F,30 to 39,41614,794,1.91
2021,Zone 4 - Central,F,40 to 49,36951,1703,4.61
2021,Zone 4 - Central,F,50 to 59,37259,3620,9.72
2021,Zone 4 - Central,F,60 to 69,34108,5410,15.86
2021,Zone 4 - Central,F,70 to 79,22582,5092,22.55
2021,Zone 4 - Central,F,80 +,12963,3214,24.79
2021,Zone 4 - Central,M,20 to 29,36016,325,0.9
2021,Zone 4 - Central,M,30 to 39,40266,871,2.16
2021,Zone 4 - Central,M,40 to 49,35492,1962,5.53
2021,Zone 4 - Central,M,50 to 59,35885,4493,12.52
2021,Zone 4 - Central,M,60 to 69,32116,6950,21.64
2021,Zone 4 - Central,M,70 to 79,19888,6278,31.57
2021,Zone 4 - Central,M,80 +,8920,3037,34.05
2021,Zone 3 - Eastern,F,20 to 29,9910,169,1.71
2021,Zone 3 - Eastern,F,30 to 39,10086,363,3.6
2021,Zone 3 - Eastern,F,40 to 49,10464,843,8.06
2021,Zone 3 - Eastern,F,50 to 59,12992,1723,13.26
2021,Zone 3 - Eastern,F,60 to 69,15135,2856,18.87
2021,Zone 3 - Eastern,F,70 to 79,10912,2885,26.44
2021,Zone 3 - Eastern,F,80 +,6804,2034,29.89
2021,Zone 3 - Eastern,M,20 to 29,10613,166,1.56
2021,Zone 3 - Eastern,M,30 to 39,10441,351,3.36
2021,Zone 3 - Eastern,M,40 to 49,10340,771,7.46
2021,Zone 3 - Eastern,M,50 to 59,12639,1884,14.91
2021,Zone 3 - Eastern,M,60 to 69,14521,3432,23.63
2021,Zone 3 - Eastern,M,70 to 79,10255,3462,33.76
2021,Zone 3 - Eastern,M,80 +,4708,1657,35.2
2021,Zone 2 - Northern,F,20 to 29,8787,115,1.31
2021,Zone 2 - Northern,F,30 to 39,9728,240,2.47
2021,Zone 2 - Northern,F,40 to 49,10528,670,6.36
2021,Zone 2 - Northern,F,50 to 59,12632,1497,11.85
2021,Zone 2 - Northern,F,60 to 69,13373,2390,17.87
2021,Zone 2 - Northern,F,70 to 79,9400,2293,24.39
2021,Zone 2 - Northern,F,80 +,5756,1484,25.78
2021,Zone 2 - Northern,M,20 to 29,9438,130,1.38
2021,Zone 2 - Northern,M,30 to 39,9777,281,2.87
2021,Zone 2 - Northern,M,40 to 49,10160,677,6.66
2021,Zone 2 - Northern,M,50 to 59,12394,1749,14.11
2021,Zone 2 - Northern,M,60 to 69,12827,3021,23.55
2021,Zone 2 - Northern,M,70 to 79,8817,2810,31.87
2021,Zone 2 - Northern,M,80 +,4090,1364,33.35
2021,Zone 1 - Western,F,20 to 29,11039,135,1.22
2021,Zone 1 - Western,F,30 to 39,12630,315,2.49
2021,Zone 1 - Western,F,40 to 49,13141,826,6.29
2021,Zone 1 - Western,F,50 to 59,17185,1891,11
2021,Zone 1 - Western,F,60 to 69,19451,3355,17.25
2021,Zone 1 - Western,F,70 to 79,14079,3514,24.96
2021,Zone 1 - Western,F,80 +,8488,2413,28.43
2021,Zone 1 - Western,M,20 to 29,11618,151,1.3
2021,Zone 1 - Western,M,30 to 39,12184,287,2.36
2021,Zone 1 - Western,M,40 to 49,12655,812,6.42
2021,Zone 1 - Western,M,50 to 59,16417,2325,14.16
2021,Zone 1 - Western,M,60 to 69,18572,4140,22.29
2021,Zone 1 - Western,M,70 to 79,13155,4245,32.27
2021,Zone 1 - Western,M,80 +,6206,2148,34.61
2022,Zone 4 - Central,F,20 to 29,35574,345,0.97
2022,Zone 4 - Central,F,30 to 39,44340,825,1.86
2022,Zone 4 - Central,F,40 to 49,38687,1769,4.57
2022,Zone 4 - Central,F,50 to 59,37169,3615,9.73
2022,Zone 4 - Central,F,60 to 69,35323,5619,15.91
2022,Zone 4 - Central,F,70 to 79,23520,5293,22.5
2022,Zone 4 - Central,F,80 +,13449,3363,25.01
2022,Zone 4 - Central,M,20 to 29,35843,329,0.92
2022,Zone 4 - Central,M,30 to 39,43045,893,2.07
2022,Zone 4 - Central,M,40 to 49,37256,2053,5.51
2022,Zone 4 - Central,M,50 to 59,35942,4444,12.36
2022,Zone 4 - Central,M,60 to 69,33468,7246,21.65
2022,Zone 4 - Central,M,70 to 79,20670,6433,31.12
2022,Zone 4 - Central,M,80 +,9460,3225,34.09
2022,Zone 3 - Eastern,F,20 to 29,10060,175,1.74
2022,Zone 3 - Eastern,F,30 to 39,10692,378,3.54
2022,Zone 3 - Eastern,F,40 to 49,10574,855,8.09
2022,Zone 3 - Eastern,F,50 to 59,12631,1731,13.7
2022,Zone 3 - Eastern,F,60 to 69,15412,2916,18.92
2022,Zone 3 - Eastern,F,70 to 79,11288,3030,26.84
2022,Zone 3 - Eastern,F,80 +,6994,2068,29.57
2022,Zone 3 - Eastern,M,20 to 29,10631,158,1.49
2022,Zone 3 - Eastern,M,30 to 39,10972,383,3.49
2022,Zone 3 - Eastern,M,40 to 49,10559,790,7.48
2022,Zone 3 - Eastern,M,50 to 59,12334,1894,15.36
2022,Zone 3 - Eastern,M,60 to 69,14624,3438,23.51
2022,Zone 3 - Eastern,M,70 to 79,10650,3609,33.89
2022,Zone 3 - Eastern,M,80 +,4954,1760,35.53
2022,Zone 2 - Northern,F,20 to 29,8746,114,1.3
2022,Zone 2 - Northern,F,30 to 39,9997,249,2.49
2022,Zone 2 - Northern,F,40 to 49,10619,674,6.35
2022,Zone 2 - Northern,F,50 to 59,12503,1531,12.25
2022,Zone 2 - Northern,F,60 to 69,13668,2467,18.05
2022,Zone 2 - Northern,F,70 to 79,9763,2393,24.51
2022,Zone 2 - Northern,F,80 +,5899,1537,26.06
2022,Zone 2 - Northern,M,20 to 29,9319,118,1.27
2022,Zone 2 - Northern,M,30 to 39,10095,292,2.89
2022,Zone 2 - Northern,M,40 to 49,10200,680,6.67
2022,Zone 2 - Northern,M,50 to 59,12340,1779,14.42
2022,Zone 2 - Northern,M,60 to 69,13019,3033,23.3
2022,Zone 2 - Northern,M,70 to 79,9133,2934,32.13
2022,Zone 2 - Northern,M,80 +,4271,1441,33.74
2022,Zone 1 - Western,F,20 to 29,11085,136,1.23
2022,Zone 1 - Western,F,30 to 39,13021,316,2.43
2022,Zone 1 - Western,F,40 to 49,13347,827,6.2
2022,Zone 1 - Western,F,50 to 59,16888,1883,11.15
2022,Zone 1 - Western,F,60 to 69,19986,3462,17.32
2022,Zone 1 - Western,F,70 to 79,14508,3597,24.79
2022,Zone 1 - Western,F,80 +,8857,2522,28.47
2022,Zone 1 - Western,M,20 to 29,11574,154,1.33
2022,Zone 1 - Western,M,30 to 39,12653,296,2.34
2022,Zone 1 - Western,M,40 to 49,12816,833,6.5
2022,Zone 1 - Western,M,50 to 59,16264,2322,14.28
2022,Zone 1 - Western,M,60 to 69,18973,4202,22.15
2022,Zone 1 - Western,M,70 to 79,13598,4352,32
2022,Zone 1 - Western,M,80 +,6462,2249,34.8
